<?xml version="1.0" encoding="UTF-8"?>
<project-private xmlns="http://www.netbeans.org/ns/project-private/1">
    <editor-bookmarks xmlns="http://www.netbeans.org/ns/editor-bookmarks/2" lastBookmarkId="0"/>
    <open-files xmlns="http://www.netbeans.org/ns/projectui-open-files/2">
        <group>
            <file>file:/C:/Users/lucca/Desktop/Faculdade/5SEMESTRE/Pota/Programas/30-09-20/ordenar/src/ordenar/InsertionSort.java</file>
            <file>file:/C:/Users/lucca/Desktop/Faculdade/5SEMESTRE/Pota/Programas/30-09-20/ordenar/src/ordenar/MergeSort.java</file>
            <file>file:/C:/Users/lucca/Desktop/Faculdade/5SEMESTRE/Pota/Programas/30-09-20/ordenar/src/ordenar/Ordenar.java</file>
            <file>file:/C:/Users/lucca/Desktop/Faculdade/5SEMESTRE/Pota/Programas/30-09-20/ordenar/src/ordenar/BubbleSort.java</file>
            <file>file:/C:/Users/lucca/Desktop/Faculdade/5SEMESTRE/Pota/Programas/30-09-20/ordenar/src/ordenar/SelectionSort.java</file>
            <file>file:/C:/Users/lucca/Desktop/Faculdade/5SEMESTRE/Pota/Programas/30-09-20/ordenar/src/ordenar/Sortable.java</file>
        </group>
    </open-files>
</project-private>
